<?xml version="1.0" encoding="UTF-8"?>
<project-private xmlns="http://www.netbeans.org/ns/project-private/1">
    <editor-bookmarks xmlns="http://www.netbeans.org/ns/editor-bookmarks/2" lastBookmarkId="0"/>
    <open-files xmlns="http://www.netbeans.org/ns/projectui-open-files/2">
        <group>
            <file>file:/C:/Users/usuario/OneDrive/Documentos/colegio/quinto%20año/programacion/Java%20trabajos/Trabajo%20integrador%20programacion/Entrega1/RegistroUsuarios.txt</file>
            <file>file:/C:/Users/usuario/OneDrive/Documentos/colegio/quinto%20año/programacion/Java%20trabajos/Trabajo%20integrador%20programacion/Entrega1/src/formularios/FrmLogin.java</file>
            <file>file:/C:/Users/usuario/OneDrive/Documentos/colegio/quinto%20año/programacion/Java%20trabajos/Trabajo%20integrador%20programacion/Entrega1/src/formularios/FrmSignUp.java</file>
            <file>file:/C:/Users/usuario/OneDrive/Documentos/colegio/quinto%20año/programacion/Java%20trabajos/Trabajo%20integrador%20programacion/Entrega1/src/formularios/CarreraDeCaballos.java</file>
            <file>file:/C:/Users/usuario/OneDrive/Documentos/colegio/quinto%20año/programacion/Java%20trabajos/Trabajo%20integrador%20programacion/Entrega1/src/formularios/FrmLobby.java</file>
            <file>file:/C:/Users/usuario/OneDrive/Documentos/colegio/quinto%20año/programacion/Java%20trabajos/Trabajo%20integrador%20programacion/Entrega1/src/formularios/Blackjack.java</file>
        </group>
    </open-files>
</project-private>
