<?xml version="1.0" encoding="UTF-8"?>
<project-private xmlns="http://www.netbeans.org/ns/project-private/1">
    <editor-bookmarks xmlns="http://www.netbeans.org/ns/editor-bookmarks/2" lastBookmarkId="0"/>
    <open-files xmlns="http://www.netbeans.org/ns/projectui-open-files/2">
        <group>
            <file>file:/C:/Franco%20Ceballos/Programación/Programación%20II/NetBeans%20-%20Java/Guía%2010%20Ejercitación%20con%20Javaswing/BlackJack/src/Clases/Carta.java</file>
            <file>file:/C:/Franco%20Ceballos/Programación/Programación%20II/NetBeans%20-%20Java/Guía%2010%20Ejercitación%20con%20Javaswing/BlackJack/src/Formularios/Blackjack.java</file>
        </group>
    </open-files>
</project-private>
